TeamName,Team Code,Product,Age Group,Team Team Code
208 U14 Elite,g14208vb1ev,2025 GIRLS West Coast Invite Entry Fee  14U Entry Fee - GIRLS,14U Entry Fee - GIRLS,g14208vb1ev
435 Elite VC 17u Pink,W3E3TD,2025 BOYS West Coast Invite Entry Fee 17U Entry Fee - BOYS,17U Entry Fee - BOYS,W3E3TD
808 Athletic Club 16 Matt,G16808AC1AH,2025 GIRLS West Coast Invite Entry Fee  16U Entry Fee - GIRLS,16U Entry Fee - GIRLS,G16808AC1AH
Aces Hawaii,250894,2025 GIRLS West Coast Invite Entry Fee  15U Entry Fee - GIRLS,15U Entry Fee - GIRLS,ACESH
Aces Hawaii VBC,250893,2025 GIRLS West Coast Invite Entry Fee  17U Entry Fee - GIRLS,17U Entry Fee - GIRLS,ACESH
AJAXVB 14-1 Gold,AJAXB,2025 BOYS West Coast Invite Entry Fee 14U Entry Fee - BOYS,14U Entry Fee - BOYS,B14AJAXB1CE
AJAXVB Bend 16-1 Gold,AJBEN,2025 BOYS West Coast Invite Entry Fee 16U Entry Fee - BOYS,16U Entry Fee - BOYS,B16AJBEN1CE
Aloha State VBC 14,G14ALOHA1AH,2025 GIRLS West Coast Invite Entry Fee  14U Entry Fee - GIRLS,14U Entry Fee - GIRLS,G14ALOHA1AH
Arsenal Volleyball,W3F8A6,2025 GIRLS West Coast Invite Entry Fee  15U Entry Fee - GIRLS,15U Entry Fee - GIRLS,W3F8A6
ARVC 18 Boys Black Adidas,B18ARVCA1SU,2025 BOYS West Coast Invite Entry Fee 18U Entry Fee - BOYS,18U Entry Fee - BOYS,B18ARVCA1SU
Athena 13-1 Gold,ATHEN,2025 GIRLS West Coast Invite Entry Fee  13U Entry Fee - GIRLS,13U Entry Fee - GIRLS,g13athen1ce
Athena 14-1 Gold,ATHEN,2025 GIRLS West Coast Invite Entry Fee  14U Entry Fee - GIRLS,14U Entry Fee - GIRLS,G14ATHEN1CE
Athena 14-2 Black,ATHEN,2025 GIRLS West Coast Invite Entry Fee  14U Entry Fee - GIRLS,14U Entry Fee - GIRLS,g14athen2ce
Athena VB 15-2 Black,ATHEN,2025 GIRLS West Coast Invite Entry Fee  15U Entry Fee - GIRLS,15U Entry Fee - GIRLS,g15athen2ce
Athena VB 16-1 Gold,ATHEN,2025 GIRLS West Coast Invite Entry Fee  16U Entry Fee - GIRLS,16U Entry Fee - GIRLS,G16ATHEN1CE
Athena VB 16-2 Black,ATHEN,2025 GIRLS West Coast Invite Entry Fee  16U Entry Fee - GIRLS,16U Entry Fee - GIRLS,g16athen2ce
Athena VB 17-1 Gold,ATHEN,2025 GIRLS West Coast Invite Entry Fee  17U Entry Fee - GIRLS,17U Entry Fee - GIRLS,G17ATHEN1CE
Athena VB 17-2 Black,ATHEN,2025 GIRLS West Coast Invite Entry Fee  17U Entry Fee - GIRLS,17U Entry Fee - GIRLS,g17athen2ce
ATHENAVB Bend 15-1 Gold,ATHEN,2025 GIRLS West Coast Invite Entry Fee  15U Entry Fee - GIRLS,15U Entry Fee - GIRLS,G15ATHBD1CE
ATHENAVB BEND 16-1 Gold,ATHEN,2025 GIRLS West Coast Invite Entry Fee  16U Entry Fee - GIRLS,16U Entry Fee - GIRLS,G16ATHBD1CE
AVA 18 Blue,AVA 18 Blue,2025 GIRLS West Coast Invite Entry Fee  18U Entry Fee - GIRLS,18U Entry Fee - GIRLS,AVA 18 Blue
AZ East Valley Juniors 15 Select,G15AZEVJ2AZ,2025 GIRLS West Coast Invite Entry Fee  15U Entry Fee - GIRLS,15U Entry Fee - GIRLS,g15azevj2az
AZ REV 15 Elite,G15REVOL2AZ,2025 GIRLS West Coast Invite Entry Fee  15U Entry Fee - GIRLS,15U Entry Fee - GIRLS,G15REVOL2AZ
Big Sky 15-1,249751,2025 GIRLS West Coast Invite Entry Fee  15U Entry Fee - GIRLS,15U Entry Fee - GIRLS,g15bgsky1ev
Big sky 16 Eastside,G16bgsky8ev,2025 GIRLS West Coast Invite Entry Fee  16U Entry Fee - GIRLS,16U Entry Fee - GIRLS,G16bgsky8ev
Big Sky Volleyball 16-2,249751,2025 GIRLS West Coast Invite Entry Fee  16U Entry Fee - GIRLS,16U Entry Fee - GIRLS,
Black Hills Juniors 16 Black,G16BLAHI1NO,2025 GIRLS West Coast Invite Entry Fee  16U Entry Fee - GIRLS,16U Entry Fee - GIRLS,G16BLAHI1NO
City 16 Blue,G16cityv2sc,2025 GIRLS West Coast Invite Entry Fee  16U Entry Fee - GIRLS,16U Entry Fee - GIRLS,G16Cityv2sc
Cloud Peak 15 National,CLOUD,2025 GIRLS West Coast Invite Entry Fee  15U Entry Fee - GIRLS,15U Entry Fee - GIRLS,G15CLOUD1RM
Club 801 U12R Dave,G12CUTAH3IM,2025 GIRLS West Coast Invite Entry Fee  12U Entry Fee - GIRLS,12U Entry Fee - GIRLS,G12CUTAH3IM
Club 801 U15 Bre,G15CUTAH2IM,2025 GIRLS West Coast Invite Entry Fee  15U Entry Fee - GIRLS,15U Entry Fee - GIRLS,G15CUTAH2IM
Club 801 U17 Cheyenne,G17CUTAH2IM,2025 GIRLS West Coast Invite Entry Fee  17U Entry Fee - GIRLS,17U Entry Fee - GIRLS,G17CUTAH2IM
Club GSL 13 Elect - Cache 2025,G13CLGSL1IM,2025 GIRLS West Coast Invite Entry Fee  13U Entry Fee - GIRLS,13U Entry Fee - GIRLS,G13CLGSL1IM
Club GSL 13 Elect - Kilie,G13CLGSL2IM,2025 GIRLS West Coast Invite Entry Fee  13U Entry Fee - GIRLS,13U Entry Fee - GIRLS,G13CLGSL2IM
Club GSL 14 Elect - Brynlie 2025,G14CLGSL1IM,2025 GIRLS West Coast Invite Entry Fee  14U Entry Fee - GIRLS,14U Entry Fee - GIRLS,G14CLGSL1IM
Club GSL 14 Elect - Les,B14CLGSL1IM,2025 BOYS West Coast Invite Entry Fee 14U Entry Fee - BOYS,14U Entry Fee - BOYS,B14CLGSL1IM
Club GSL 14 Elect - Rebecca,G14CLGSL2IM,2025 GIRLS West Coast Invite Entry Fee  14U Entry Fee - GIRLS,14U Entry Fee - GIRLS,G14CLGSL2IM
Club GSL 15 Elect - Karlee 2025,G15CLGSL1IM,2025 GIRLS West Coast Invite Entry Fee  15U Entry Fee - GIRLS,15U Entry Fee - GIRLS,G15CLGSL1IM
Club GSL 16 Elect - Kevin 2025,G16CLGSL1IM,2025 GIRLS West Coast Invite Entry Fee  16U Entry Fee - GIRLS,16U Entry Fee - GIRLS,G16CLGSL1IM
Club GSL 17 Elect - Taran 2025,G17CLGSL1IM,2025 GIRLS West Coast Invite Entry Fee  17U Entry Fee - GIRLS,17U Entry Fee - GIRLS,G17CLGSL1IM
Club GSL 17 Elite - Alan,B17CLGSL3IM,2025 BOYS West Coast Invite Entry Fee 17U Entry Fee - BOYS,17U Entry Fee - BOYS,B17CLGSL3IM
Club GSL 18 Elect- Whitney,B18CLGSL2IM,2025 BOYS West Coast Invite Entry Fee 18U Entry Fee - BOYS,18U Entry Fee - BOYS,B18CLGSL2IM
Club Rampage 16s Green,W3E479,2025 GIRLS West Coast Invite Entry Fee  16U Entry Fee - GIRLS,16U Entry Fee - GIRLS,W3E479
Club Sand 12 Andrew,b12clsvb1im,2025 BOYS West Coast Invite Entry Fee 13U Entry Fee - BOYS,13U Entry Fee - BOYS,b12clsvbo1im
Club Sand 14 Bill,g14clsvb1im,2025 GIRLS West Coast Invite Entry Fee  14U Entry Fee - GIRLS,14U Entry Fee - GIRLS,W3EDCF
Club Sand 14 Jared,g14clsvb12im,2025 GIRLS West Coast Invite Entry Fee  14U Entry Fee - GIRLS,14U Entry Fee - GIRLS,W3EDCF
Club Sand 14 Scoop,g14clsvb3im,2025 GIRLS West Coast Invite Entry Fee  14U Entry Fee - GIRLS,14U Entry Fee - GIRLS,W3EDCF
Club Sand 15 Alise,g15clsvb3im,2025 GIRLS West Coast Invite Entry Fee  15U Entry Fee - GIRLS,15U Entry Fee - GIRLS,W3EDCF
Club Sand 15 Angela,g15clsvb2im,2025 GIRLS West Coast Invite Entry Fee  15U Entry Fee - GIRLS,15U Entry Fee - GIRLS,W3EDCF
Club Sand 15 Nina,g15clsvb1im,2025 GIRLS West Coast Invite Entry Fee  15U Entry Fee - GIRLS,15U Entry Fee - GIRLS,G15CLSVB1IM
Club Sand 16 Junior,g16clsvb2im,2025 GIRLS West Coast Invite Entry Fee  16U Entry Fee - GIRLS,16U Entry Fee - GIRLS,W3EDCF
Club Sand 17 Surf,g17clsvb2im,2025 GIRLS West Coast Invite Entry Fee  17U Entry Fee - GIRLS,17U Entry Fee - GIRLS,g17clsvb2im
Club V 11 Mondo,G11CLUBV1IM,2025 GIRLS West Coast Invite Entry Fee  12U Entry Fee - GIRLS,12U Entry Fee - GIRLS,G11CLUBV1IM
Club V 12 Black Krista,G12CLUBV1IM,2025 GIRLS West Coast Invite Entry Fee  12U Entry Fee - GIRLS,12U Entry Fee - GIRLS,G12CLUBV1IM
Club V 13 Black Brynnly,G13CLUBV2AAU34,2025 GIRLS West Coast Invite Entry Fee  13U Entry Fee - GIRLS,13U Entry Fee - GIRLS,G13CLUBV2IM
Club V 13 Black Corrie,G13CLUBV1IM,2025 GIRLS West Coast Invite Entry Fee  13U Entry Fee - GIRLS,13U Entry Fee - GIRLS,G13CLUBV1IM
Club V 13 Red Misty,G13CLUBV3IM,2025 GIRLS West Coast Invite Entry Fee  13U Entry Fee - GIRLS,13U Entry Fee - GIRLS,G13CLUBV3IM
Club V 14 Red Christine,G14CLUBV3IM,2025 GIRLS West Coast Invite Entry Fee  14U Entry Fee - GIRLS,14U Entry Fee - GIRLS,g14clubv3im
Club V 14 Red Jolana,G14CLUBV4IM,2025 GIRLS West Coast Invite Entry Fee  14U Entry Fee - GIRLS,14U Entry Fee - GIRLS,G14CLUBV4IM
Club V 15 Red Hailey,G15CLUBV3IM,2025 GIRLS West Coast Invite Entry Fee  15U Entry Fee - GIRLS,15U Entry Fee - GIRLS,G15CLUBV3IM
Club V 16 Jaime,G16CLUBV8IM,2025 GIRLS West Coast Invite Entry Fee  16U Entry Fee - GIRLS,16U Entry Fee - GIRLS,G16CLUBV8IM
Club V 16 Red Ken,G16CLUBV3IM,2025 GIRLS West Coast Invite Entry Fee  16U Entry Fee - GIRLS,16U Entry Fee - GIRLS,G16CLUBV3IM
Club V 16 Red Paul,,2025 GIRLS West Coast Invite Entry Fee  16U Entry Fee - GIRLS,16U Entry Fee - GIRLS,G16clubv7im
Club V 16 Red Preston,,2025 GIRLS West Coast Invite Entry Fee  16U Entry Fee - GIRLS,16U Entry Fee - GIRLS,G16clubv4im
Club V 17 Black Jenna,G17CLUBV2IM,2025 GIRLS West Coast Invite Entry Fee  17U Entry Fee - GIRLS,17U Entry Fee - GIRLS,G17CLUBV2IM
Club V 17 Lexi,G17CLUBV9IM,2025 GIRLS West Coast Invite Entry Fee  17U Entry Fee - GIRLS,17U Entry Fee - GIRLS,G17CLUBV9IM
Club V 17 Red Austin,G17CLUBV4IM,2025 GIRLS West Coast Invite Entry Fee  17U Entry Fee - GIRLS,17U Entry Fee - GIRLS,G17CLUBV5IM
Club V 17 Red Austin,G17CLUBV5IM,2025 GIRLS West Coast Invite Entry Fee  17U Entry Fee - GIRLS,17U Entry Fee - GIRLS,G17CLUBV5IM
Club V South 14 Nay,G14CLUBV7IM,2025 GIRLS West Coast Invite Entry Fee  14U Entry Fee - GIRLS,14U Entry Fee - GIRLS,G14CLUBV7IM
Club Z 15-Madi,250123,2025 GIRLS West Coast Invite Entry Fee  15U Entry Fee - GIRLS,15U Entry Fee - GIRLS,
Club Z 16-Shawn,250122,2025 GIRLS West Coast Invite Entry Fee  16U Entry Fee - GIRLS,16U Entry Fee - GIRLS,
CO Crossfire 16-1,G16CROSS1RM,2025 GIRLS West Coast Invite Entry Fee  16U Entry Fee - GIRLS,16U Entry Fee - GIRLS,g16cross1rm
CO Crossfire 17-1,G17CROSS1RM,2025 GIRLS West Coast Invite Entry Fee  17U Entry Fee - GIRLS,17U Entry Fee - GIRLS,g17cross1rm
CO JRS 12Mal,G12COJRS1RM,2025 GIRLS West Coast Invite Entry Fee  12U Entry Fee - GIRLS,12U Entry Fee - GIRLS,G12COJRS1RM
CO JRS 13Emily,G13COJRS2RM,2025 GIRLS West Coast Invite Entry Fee  13U Entry Fee - GIRLS,13U Entry Fee - GIRLS,g13cojrs2rm
CO JRS 14Jen,G14COJRS2RM,2025 GIRLS West Coast Invite Entry Fee  14U Entry Fee - GIRLS,14U Entry Fee - GIRLS,g14cojrs2rm
CPA 15 Drew,G15CPAVB1EV,2025 GIRLS West Coast Invite Entry Fee  15U Entry Fee - GIRLS,15U Entry Fee - GIRLS,G15CPAVB1EV
Crossfire 18-1,G18CROSS1RM,2025 GIRLS West Coast Invite Entry Fee  18U Entry Fee - GIRLS,18U Entry Fee - GIRLS,g18cross1rm
CSA 16 Navy,G16CSALT1RM,2025 GIRLS West Coast Invite Entry Fee  16U Entry Fee - GIRLS,16U Entry Fee - GIRLS,g16csalt1rm
Dakine Warriors 13 Surf 1,13DAKWA1PS,2025 GIRLS West Coast Invite Entry Fee  13U Entry Fee - GIRLS,13U Entry Fee - GIRLS,
Dakine Warriors 13 Surf 2,13DAKWA2PS,2025 GIRLS West Coast Invite Entry Fee  13U Entry Fee - GIRLS,13U Entry Fee - GIRLS,
Dakine Warriors 14 Surf 2,14DAKWA2PS,2025 GIRLS West Coast Invite Entry Fee  14U Entry Fee - GIRLS,14U Entry Fee - GIRLS,
DaKine Warriors 14 Surf One,G14DAKWA1PS,2025 GIRLS West Coast Invite Entry Fee  14U Entry Fee - GIRLS,14U Entry Fee - GIRLS,g14DAKWA1PS
DaKine Warriors 15 Surf 1,G15DAKWA1PS,2025 GIRLS West Coast Invite Entry Fee  15U Entry Fee - GIRLS,15U Entry Fee - GIRLS,g15DAKWA1PS
DaKine Warriors 15 Surf 2,G15DAKWA2PS,2025 GIRLS West Coast Invite Entry Fee  15U Entry Fee - GIRLS,15U Entry Fee - GIRLS,g15DAKWA2PS
DaKine Warriors 16 Surf 1,G16DAKWA1PS,2025 GIRLS West Coast Invite Entry Fee  16U Entry Fee - GIRLS,16U Entry Fee - GIRLS,g16DAKWA1PS
DaKine Warriors 16 Surf 2,G16DAKWA2PS,2025 GIRLS West Coast Invite Entry Fee  16U Entry Fee - GIRLS,16U Entry Fee - GIRLS,g16DAKWA2PS
Dakine Warriors 17 Surf 1,G17DAKWA1PS,2025 GIRLS West Coast Invite Entry Fee  17U Entry Fee - GIRLS,17U Entry Fee - GIRLS,
Dinos 16U,Dinos 16U,2025 GIRLS West Coast Invite Entry Fee  16U Entry Fee - GIRLS,16U Entry Fee - GIRLS,G16JDWVC1CA
E3 17 MIAH,B17E3VBC1SU,2025 BOYS West Coast Invite Entry Fee 17U Entry Fee - BOYS,17U Entry Fee - BOYS,B17E3VBC1SU
Elevate Athletics 15 Nike,Elath,2025 GIRLS West Coast Invite Entry Fee  15U Entry Fee - GIRLS,15U Entry Fee - GIRLS,G15ELATH1IM
Elevate Athletics 16 Nike,Elath,2025 GIRLS West Coast Invite Entry Fee  16U Entry Fee - GIRLS,16U Entry Fee - GIRLS,g16elath1im
Elevate Athletics 16-2 Nike,Elath,2025 GIRLS West Coast Invite Entry Fee  16U Entry Fee - GIRLS,16U Entry Fee - GIRLS,g16elath2im
Elevate Athletics 17 Nike,Elath,2025 GIRLS West Coast Invite Entry Fee  17U Entry Fee - GIRLS,17U Entry Fee - GIRLS,G17ELATH1IM
Elevate Athletics 17-2,Elath,2025 GIRLS West Coast Invite Entry Fee  17U Entry Fee - GIRLS,17U Entry Fee - GIRLS,ELATH
Hawaiian Style 14-Black,G14HWNST1AAU39,2025 GIRLS West Coast Invite Entry Fee  14U Entry Fee - GIRLS,14U Entry Fee - GIRLS,G14HWNST1AAU39
Hawaiian Style Volleyball Club,G18HWNST1AH,2025 GIRLS West Coast Invite Entry Fee  18U Entry Fee - GIRLS,18U Entry Fee - GIRLS,
Hic 12 Lisi,g12hicvb1im,2025 GIRLS West Coast Invite Entry Fee  12U Entry Fee - GIRLS,12U Entry Fee - GIRLS,g12hicvb1im
Hic 14 Cinda,g14hicvb1im,2025 GIRLS West Coast Invite Entry Fee  14U Entry Fee - GIRLS,14U Entry Fee - GIRLS,g14hicvb1im
Hic 15 Cinda,g15hicvb1im,2025 GIRLS West Coast Invite Entry Fee  15U Entry Fee - GIRLS,15U Entry Fee - GIRLS,g15hicvb1im
Hic 16 Keano,g16hicvb1im,2025 GIRLS West Coast Invite Entry Fee  16U Entry Fee - GIRLS,16U Entry Fee - GIRLS,g16hicvb1im
Hic 16 Khiaura,g16hicvb2im,2025 GIRLS West Coast Invite Entry Fee  16U Entry Fee - GIRLS,16U Entry Fee - GIRLS,g16hicvb2im
ID Strike 16 Purple,B16IDSVC1IM,2025 BOYS West Coast Invite Entry Fee 16U Entry Fee - BOYS,16U Entry Fee - BOYS,b16idsvc2im
Idaho ONE 12 Elite,G12IDONE1IM,2025 GIRLS West Coast Invite Entry Fee  12U Entry Fee - GIRLS,12U Entry Fee - GIRLS,G12IDONE1IM
Idaho ONE 13 Elite,G13IDONE1IM,2025 GIRLS West Coast Invite Entry Fee  13U Entry Fee - GIRLS,13U Entry Fee - GIRLS,G13IDONE1IM
Idaho ONE 14 Blue,G14IDONE2IM,2025 GIRLS West Coast Invite Entry Fee  14U Entry Fee - GIRLS,14U Entry Fee - GIRLS,G14IDONE2IM
Idaho ONE 14 Elite,G14IDONE1IM,2025 GIRLS West Coast Invite Entry Fee  14U Entry Fee - GIRLS,14U Entry Fee - GIRLS,G14IDONE1IM
Idaho ONE 15 Blue,G15IDONE2IM,2025 GIRLS West Coast Invite Entry Fee  15U Entry Fee - GIRLS,15U Entry Fee - GIRLS,G15IDONE2IM
Idaho ONE 15 Elite,G15IDONE1IM,2025 GIRLS West Coast Invite Entry Fee  15U Entry Fee - GIRLS,15U Entry Fee - GIRLS,G15IDONE1IM
Idaho ONE 15 White,G15IDONE3IM,2025 GIRLS West Coast Invite Entry Fee  15U Entry Fee - GIRLS,15U Entry Fee - GIRLS,G15IDONE3IM
Idaho ONE 16 Blue,G16IDONE2IM,2025 GIRLS West Coast Invite Entry Fee  16U Entry Fee - GIRLS,16U Entry Fee - GIRLS,G16IDONE2IM
Idaho ONE 16 Elite,G16IDONE1IM,2025 GIRLS West Coast Invite Entry Fee  16U Entry Fee - GIRLS,16U Entry Fee - GIRLS,G16IDONE1IM
Idaho ONE 16 Elite BOYS,B16IDONE1IM,2025 BOYS West Coast Invite Entry Fee 16U Entry Fee - BOYS,16U Entry Fee - BOYS,B16IDONE1IM
Idaho ONE 16 Gray,G16IDONE5IM,2025 GIRLS West Coast Invite Entry Fee  16U Entry Fee - GIRLS,16U Entry Fee - GIRLS,G16IDONE5IM
Idaho ONE 16 Navy,G16IDONE4IM,2025 GIRLS West Coast Invite Entry Fee  16U Entry Fee - GIRLS,16U Entry Fee - GIRLS,G16IDONE4IM
Idaho ONE 16 White,G16IDONE3IM,2025 GIRLS West Coast Invite Entry Fee  16U Entry Fee - GIRLS,16U Entry Fee - GIRLS,G16IDONE3IM
Idaho ONE 17 Blue,G17IDONE2IM,2025 GIRLS West Coast Invite Entry Fee  17U Entry Fee - GIRLS,17U Entry Fee - GIRLS,G17IDONE2IM
Idaho ONE 17 Elite,G17IDONE1IM,2025 GIRLS West Coast Invite Entry Fee  17U Entry Fee - GIRLS,17U Entry Fee - GIRLS,G17IDONE1IM
Idaho ONE 17 White,G17IDONE3IM,2025 GIRLS West Coast Invite Entry Fee  17U Entry Fee - GIRLS,17U Entry Fee - GIRLS,G17IDONE3IM
Idaho Strike 18 Middleton,B18IDSVC3IM,2025 BOYS West Coast Invite Entry Fee 18U Entry Fee - BOYS,18U Entry Fee - BOYS,B18IDSVC3IM
JAMMERS 14BLACK,G14JAMME1AH,2025 GIRLS West Coast Invite Entry Fee  14U Entry Fee - GIRLS,14U Entry Fee - GIRLS,G14JAMME1AH
Jammers 15-David,G15JAMME1AH,2025 GIRLS West Coast Invite Entry Fee  15U Entry Fee - GIRLS,15U Entry Fee - GIRLS,G15JAMME1AH
Ka Ulukoa 12 Lee,252871,2025 GIRLS West Coast Invite Entry Fee  12U Entry Fee - GIRLS,12U Entry Fee - GIRLS,G12KAULU2AH
Ka Ulukoa 14 Anela,252876,2025 GIRLS West Coast Invite Entry Fee  14U Entry Fee - GIRLS,14U Entry Fee - GIRLS,G14KAULU2AH
Ka Ulukoa 15 Taylor,252875,2025 GIRLS West Coast Invite Entry Fee  15U Entry Fee - GIRLS,15U Entry Fee - GIRLS,G15KAULU2AH
Ka Ulukoa 17 Joe,G17KAULU2AH,2025 GIRLS West Coast Invite Entry Fee  17U Entry Fee - GIRLS,17U Entry Fee - GIRLS,G17KAULU2AH
Kako'o Volleyball Academy 16 Sammy,Kako'o Volleyball Academy 16 Sammy,2025 GIRLS West Coast Invite Entry Fee  16U Entry Fee - GIRLS,16U Entry Fee - GIRLS,Kako'o Volleyball Academy 16 Sammy
MAUNALANI 17/18-ALBERT,G18MAUNA1AH,2025 GIRLS West Coast Invite Entry Fee  17U Entry Fee - GIRLS,17U Entry Fee - GIRLS,
MC 16-1,,2025 GIRLS West Coast Invite Entry Fee  16U Entry Fee - GIRLS,16U Entry Fee - GIRLS,W3EE5W
MC 17-1,W3EE5W,2025 GIRLS West Coast Invite Entry Fee  17U Entry Fee - GIRLS,17U Entry Fee - GIRLS,W3EE5W
Mighty Mo 16-Hoerner,G16MGHTY1EV,2025 GIRLS West Coast Invite Entry Fee  16U Entry Fee - GIRLS,16U Entry Fee - GIRLS,G16MGHTY1EV
Mighty Mo 17-1,MGHTY,2025 GIRLS West Coast Invite Entry Fee  17U Entry Fee - GIRLS,17U Entry Fee - GIRLS,G17MGHTY1EV
Minoi 13 Black,MNVBC,2025 GIRLS West Coast Invite Entry Fee  13U Entry Fee - GIRLS,13U Entry Fee - GIRLS,MNVBC
Minoi 13 Red,MNVBC,2025 GIRLS West Coast Invite Entry Fee  13U Entry Fee - GIRLS,13U Entry Fee - GIRLS,MNVBC
Minoi 16 Black,MINOI,2025 GIRLS West Coast Invite Entry Fee  16U Entry Fee - GIRLS,16U Entry Fee - GIRLS,MNVBC
MPV 14 National Green,MTNPK,2025 GIRLS West Coast Invite Entry Fee  14U Entry Fee - GIRLS,14U Entry Fee - GIRLS,g14mtnpk1im
MPV 15 National Green,MTNPK,2025 GIRLS West Coast Invite Entry Fee  15U Entry Fee - GIRLS,15U Entry Fee - GIRLS,g14mtnpk1im
MPV 16 National Green,MTNPK,2025 GIRLS West Coast Invite Entry Fee  16U Entry Fee - GIRLS,16U Entry Fee - GIRLS,g16mtnpk1im
MPV 17 National Green,MTNPK,2025 GIRLS West Coast Invite Entry Fee  17U Entry Fee - GIRLS,17U Entry Fee - GIRLS,MTNPK
MT Capital City 16 Gold,G16CCVBC4AAU31,2025 GIRLS West Coast Invite Entry Fee  16U Entry Fee - GIRLS,16U Entry Fee - GIRLS,G16CCVBC4AAU31
MYSTIK 15-1,MYSTIK 15-1,2025 GIRLS West Coast Invite Entry Fee  15U Entry Fee - GIRLS,15U Entry Fee - GIRLS,G15MYSTK1SU
NEVA 15 NATIONALS,W3B637,2025 GIRLS West Coast Invite Entry Fee  15U Entry Fee - GIRLS,15U Entry Fee - GIRLS,W3B637
NEVA 16 BLUE-KALANI,W3B637,2025 GIRLS West Coast Invite Entry Fee  16U Entry Fee - GIRLS,16U Entry Fee - GIRLS,W3B637
NEVA 16 NATIONALS,W3B637,2025 GIRLS West Coast Invite Entry Fee  16U Entry Fee - GIRLS,16U Entry Fee - GIRLS,W3B637
NEVA 18 NATIONALS,W3B637,2025 GIRLS West Coast Invite Entry Fee  18U Entry Fee - GIRLS,18U Entry Fee - GIRLS,G18NEVBA1IM
New Heights,3,2025 GIRLS West Coast Invite Entry Fee  17U Entry Fee - GIRLS,17U Entry Fee - GIRLS,W3FWCW
North Shore Volleyball 14A Musie,G14NSVBC1AH,2025 GIRLS West Coast Invite Entry Fee  14U Entry Fee - GIRLS,14U Entry Fee - GIRLS,G14NSVBC1AH
North Shore Volleyball 18's Mona,G18NSVBC1AH,2025 GIRLS West Coast Invite Entry Fee  18U Entry Fee - GIRLS,18U Entry Fee - GIRLS,G18NORTH1AH
NPJ 14 National Seattle,G15NPJSE1PS,2025 GIRLS West Coast Invite Entry Fee  14U Entry Fee - GIRLS,14U Entry Fee - GIRLS,g14npjse1ps
NPJ 17 National Seattle,G17NPJSE1AAU36,2025 GIRLS West Coast Invite Entry Fee  17U Entry Fee - GIRLS,17U Entry Fee - GIRLS,G17NPJSE1PS
NPJ Seattle 15 Elite,G15NPJSE1PS,2025 GIRLS West Coast Invite Entry Fee  15U Entry Fee - GIRLS,15U Entry Fee - GIRLS,g15npjse2ps
NPJ Seattle 15 National,G15NPJSE1PS,2025 GIRLS West Coast Invite Entry Fee  15U Entry Fee - GIRLS,15U Entry Fee - GIRLS,G15NPJSE1PS
NPJ Seattle 16 Elite,G15NPJSE1PS,2025 GIRLS West Coast Invite Entry Fee  16U Entry Fee - GIRLS,16U Entry Fee - GIRLS,g16npjse2ps
NPJ Seattle 16 National,G15NPJSE1PS,2025 GIRLS West Coast Invite Entry Fee  16U Entry Fee - GIRLS,16U Entry Fee - GIRLS,g16npjse1ps
NPJ Seattle 17 Elite,G15NPJSE1PS,2025 GIRLS West Coast Invite Entry Fee  17U Entry Fee - GIRLS,17U Entry Fee - GIRLS,g17npjse2ps
Pipeline 15-Ultra Ari,G15PLSCV2SC,2025 GIRLS West Coast Invite Entry Fee  15U Entry Fee - GIRLS,15U Entry Fee - GIRLS,G15PLSCV2SC
Pipeline 15-Ultra Iman,G15PLSCV3SC,2025 GIRLS West Coast Invite Entry Fee  15U Entry Fee - GIRLS,15U Entry Fee - GIRLS,G15PLSCV3SC
Platinum 15 Power,RS33AB45,2025 GIRLS West Coast Invite Entry Fee  15U Entry Fee - GIRLS,15U Entry Fee - GIRLS,RS33AB45
Platinum 16 Apex,RS33AB45,2025 GIRLS West Coast Invite Entry Fee  16U Entry Fee - GIRLS,16U Entry Fee - GIRLS,RS33AB45
Platinum 16 Power,RS33AB45,2025 GIRLS West Coast Invite Entry Fee  16U Entry Fee - GIRLS,16U Entry Fee - GIRLS,RS33AB45
Platinum 17 Power,RS33AB45,2025 GIRLS West Coast Invite Entry Fee  17U Entry Fee - GIRLS,17U Entry Fee - GIRLS,RS33AB45
RRHVB 16-1 Robyn,RRHVB 16 Robyn,2025 GIRLS West Coast Invite Entry Fee  16U Entry Fee - GIRLS,16U Entry Fee - GIRLS,
SCB 13S City White,13 City White,2025 BOYS West Coast Invite Entry Fee 13U Entry Fee - BOYS,13U Entry Fee - BOYS,13 City White
SCB 14 Salty Aaron,B14112821IM,2025 BOYS West Coast Invite Entry Fee 14U Entry Fee - BOYS,14U Entry Fee - BOYS,B14112821IM
SCB 15 Salty Corrie,B15112822IM,2025 BOYS West Coast Invite Entry Fee 15U Entry Fee - BOYS,15U Entry Fee - BOYS,B15112822IM
SCB 15 Salty Kris,B15112821IM,2025 BOYS West Coast Invite Entry Fee 15U Entry Fee - BOYS,15U Entry Fee - BOYS,B15112821IM
SCB 16 Salty JJ,B16112821IM,2025 BOYS West Coast Invite Entry Fee 16U Entry Fee - BOYS,16U Entry Fee - BOYS,B16112821IM
SCB 16S Bryan,16- Bryan,2025 BOYS West Coast Invite Entry Fee 16U Entry Fee - BOYS,16U Entry Fee - BOYS,16- Bryan
SCB 17 Salty Marcus,B17112822IM,2025 BOYS West Coast Invite Entry Fee 17U Entry Fee - BOYS,17U Entry Fee - BOYS,B17112822IM
SCB 17 Salty Rob,B17112821IM,2025 BOYS West Coast Invite Entry Fee 17U Entry Fee - BOYS,17U Entry Fee - BOYS,B17112821IM
SCB 18 Salty Reed,B18112821IM,2025 BOYS West Coast Invite Entry Fee 18U Entry Fee - BOYS,18U Entry Fee - BOYS,B18112821IM
SCB 18N City T,SCB 18 Mel,2025 BOYS West Coast Invite Entry Fee 18U Entry Fee - BOYS,18U Entry Fee - BOYS,SCB 18 Mel
South County 12 Jonny,G12SCVBC1IM,2025 GIRLS West Coast Invite Entry Fee  12U Entry Fee - GIRLS,12U Entry Fee - GIRLS,G12SCVBC1IM
South County 13 Erica,G13SCVBC1IM,2025 GIRLS West Coast Invite Entry Fee  13U Entry Fee - GIRLS,13U Entry Fee - GIRLS,G13SCVBC1IM
South County 15 Sarah,G15SCVBC1IM,2025 GIRLS West Coast Invite Entry Fee  15U Entry Fee - GIRLS,15U Entry Fee - GIRLS,G15SCVBC1IM
South County 16 Napoleon,B16SCVBC1IM,2025 BOYS West Coast Invite Entry Fee 16U Entry Fee - BOYS,16U Entry Fee - BOYS,B16SCVBC1IM
South County 16 Penina,G16SCVBC1IM,2025 GIRLS West Coast Invite Entry Fee  16U Entry Fee - GIRLS,16U Entry Fee - GIRLS,G16SCVBC1IM
South County 17 Bonnie/Erika,G17SCVBC1IM,2025 GIRLS West Coast Invite Entry Fee  17U Entry Fee - GIRLS,17U Entry Fee - GIRLS,G17SCVBC1IM
South County 17 Gio,G17SCVBC2IM,2025 GIRLS West Coast Invite Entry Fee  17U Entry Fee - GIRLS,17U Entry Fee - GIRLS,b17SCVBC1im
South County 18 Roberto,B18SCVBC1IM,2025 BOYS West Coast Invite Entry Fee 18U Entry Fee - BOYS,18U Entry Fee - BOYS,B18SCVBC1IM
SUSA 17/18,SUSA 17,2025 GIRLS West Coast Invite Entry Fee  17U Entry Fee - GIRLS,17U Entry Fee - GIRLS,SUSA
SWVC 14 1,G14SWVBC1IM,2025 GIRLS West Coast Invite Entry Fee  14U Entry Fee - GIRLS,14U Entry Fee - GIRLS,G14SWVBC1IM
Tstreet SN 15-DJ,G15TSRSN1NC,2025 GIRLS West Coast Invite Entry Fee  15U Entry Fee - GIRLS,15U Entry Fee - GIRLS,G15TSRSN1NC
Tstreet SN 15-Dylan,G15TSRSN2NC,2025 GIRLS West Coast Invite Entry Fee  15U Entry Fee - GIRLS,15U Entry Fee - GIRLS,G15TSRSN2NC
Tstreet SN 16-Ally,G16TSRSN2NC,2025 GIRLS West Coast Invite Entry Fee  16U Entry Fee - GIRLS,16U Entry Fee - GIRLS,G16TSRSN2NC
Tstreet SN 16-Dana,G16TSRSN1NC,2025 GIRLS West Coast Invite Entry Fee  16U Entry Fee - GIRLS,16U Entry Fee - GIRLS,G16TSRSN1NC
U16 1 Black Allen,G16RNVTR1EV,2025 GIRLS West Coast Invite Entry Fee  16U Entry Fee - GIRLS,16U Entry Fee - GIRLS,G16RNVTR1EV
Vortex - Desiree,VRTXVB,2025 BOYS West Coast Invite Entry Fee 16U Entry Fee - BOYS,16U Entry Fee - BOYS,b16vorvb1im
Vortex - Desiree,Vortex,2025 BOYS West Coast Invite Entry Fee 17U Entry Fee - BOYS,17U Entry Fee - BOYS,b16vorvb1im
Vortex - Nick,VRTXVB,2025 BOYS West Coast Invite Entry Fee 17U Entry Fee - BOYS,17U Entry Fee - BOYS,W3ETYE
Vortex 14 - Ryan,VRTXVBC,2025 BOYS West Coast Invite Entry Fee 14U Entry Fee - BOYS,14U Entry Fee - BOYS,W3ETYE
Vortex VBC 16 - Art,VRTXVBC,2025 GIRLS West Coast Invite Entry Fee  16U Entry Fee - GIRLS,16U Entry Fee - GIRLS,g15vorvb1im
WYO-ACE 16U RED,G16WYOAC1RM,2025 GIRLS West Coast Invite Entry Fee  16U Entry Fee - GIRLS,16U Entry Fee - GIRLS,
