TeamCode,TeamID,TeamName,Division,Girls/Boys,State
g18hwnst1ah,128093,Hawaiian Style 18's,18's,Girls,HI
g17elath1im,150870,Elevate Athletics 17 Nike,17's,Girls,UT
g16elath1im,150871,Elevate Athletics 16 Nike,16's,Girls,UT
g15elath1im,150872,Elevate Athletics 15 Nike,15's,Girls,UT
g17athen1ce,180642,Athena VB 17-1 Gold,17's,Girls,NE
g16athen1ce,180643,Athena VB 16-1 Gold,16's,Girls,OR
g14clubv3im,183459,Club V 14 Red Christine,14's,Girls,
g15npjse1ps,215160,NPJ Seattle 15 National,15's,Girls,WA
g17npjse1ps,215161,NPJ 17 National Seattle,17's,Girls,WA
g14npjse1ps,215381,NPJ 14 National Seattle,14's,Girls,WA
g16hivev1im,215644,Hive 16 Gold,16's,Girls,UT
g14nsvbc1ah,216440,North Shore Volleyball 14A Musie,14's,Girls,HI
g16elath2im,217820,Elevate Athletics 16-2 Nike,16's,Girls,UT
g16cross1rm,220913,CO Crossfire 16-1,16's,Girls,CO
g14athen1ce,220968,Athena 14-1 Gold,14's,Girls,OR
g14clgsl1im,222897,Club GSL 14 Elect - Brynlie 2025,14's,Girls,UT
b17scvbc1im,223176,South County 17 Gio,17's,Boys,UT
g15scvbc1im,223177,South County 15 Sarah,15's,Girls,UT
,224481,RRHVB 16-1 Robyn,16's,Boys,UT
g18north1ah,225705,North Shore Volleyball 18's Mona,18's,Girls,HI
f13hivev1im,225809,Hive 13 Gold,13's,Boys,UT
g16clubv4im,226583,Club V 16 Red Preston,16's,Girls,UT
g16clubv7im,226584,Club V 16 Red Paul,16's,Girls,UT
g17cross1rm,230383,CO Crossfire 17-1,17's,Girls,CO
g14mtnpk1im,231360,MPV 15 National Green,15's,Girls,UT
g14mtnpk1im,231361,MPV 14 National Green,14's,Girls,UT
g16mtnpk1im,231363,MPV 16 National Green,16's,Girls,UT
g15clubv3im,236260,Club V 15 Red Hailey,15's,Girls,UT
g16clubv3im,236262,Club V 16 Red Ken,16's,Girls,UT
g17scvbc1im,236383,South County 17 Bonnie/Erika,17's,Girls,UT
g13clubv1im,236529,Club V 13 Black Corrie,13's,Girls,UT
g14clubv4im,236776,Club V 14 Red Jolana,14's,Girls,UT
g16vorvb1im,236866,Vortex VBC 16 - Art,16's,Girls,UT
b16vorvb1im,237053,Vortex - Desiree,16's,Boys,UT
b16vorvb1im,237053,Vortex - Desiree,17's,Boys,UT
g17clgsl1im,237365,Club GSL 17 Elect - Taran 2025,17's,Girls,UT
g16clgsl1im,237376,Club GSL 16 Elect - Kevin 2025,16's,Girls,UT
g14208vb1ev,239107,208 U14 Elite,14's,Girls,ID
g15bgsky1ev,239379,Big Sky 15-1,15's,Girls,MT
g16csalt1rm,240161,CSA 16 Navy,16's,Girls,CO
g13cojrs2rm,240328,CO JRS 13Emily,13's,Girls,CO
g14cojrs2rm,240329,CO JRS 14Jen,14's,Girls,CO
g16dakwa1ps,240793,DaKine Warriors 16 Surf 1,16's,Girls,WA
g16dakwa2ps,240795,DaKine Warriors 16 Surf 2,16's,Girls,WA
g15dakwa1ps,240796,DaKine Warriors 15 Surf 1,15's,Girls,WA
g15dakwa2ps,240797,DaKine Warriors 15 Surf 2,15's,Girls,WA
g14dakwa1ps,240798,DaKine Warriors 14 Surf One,14's,Girls,WA
g15mystk1su,241116,MYSTIK 15-1,15's,Girls,CO
g13athen1ce,241220,Athena 13-1 Gold,13's,Girls,OR
g14athen2ce,241221,Athena 14-2 Black,14's,Girls,OR
g15athen2ce,241222,Athena VB 15-2 Black,15's,Girls,OR
g16athen2ce,241223,Athena VB 16-2 Black,16's,Girls,OR
g17athen2ce,241224,Athena VB 17-2 Black,17's,Girls,OR
g18cross1rm,241416,Crossfire 18-1,18's,Girls,CO
g13clgsl1im,241725,Club GSL 13 Elect - Cache 2025,13's,Girls,UT
g15clgsl1im,241728,Club GSL 15 Elect - Karlee 2025,15's,Girls,UT
g14clgsl2im,241780,Club GSL 14 Elect - Rebecca,14's,Girls,UT
g18nevba1im,242096,NEVA 18 NATIONALS,18's,Girls,UT
b16idsvc2im,242522,ID Strike 16 Purple,16's,Boys,ID
g17clubv2im,243464,Club V 17 Black Jenna,17's,Girls,UT
b14clgsl1im,243580,Club GSL 14 Elect - Les,14's,Boys,UT
g16scvbc1im,244682,South County 16 Penina,16's,Girls,UT
g18mauna1ah,244834,MAUNALANI 17/18-ALBERT,17's,Girls,HI
g16hicvb1im,245951,Hic 16 Keano,16's,Girls,UT
g15hicvb1im,245952,Hic 15 Cinda,15's,Girls,UT
g16hicvb2im,245953,Hic 16 Khiaura,16's,Girls,UT
g14hicvb1im,245954,Hic 14 Cinda,14's,Girls,UT
g12hicvb1im,245955,Hic 12 Lisi,12's,Girls,UT
g17npjse2ps,245956,NPJ Seattle 17 Elite,17's,Girls,WA
g16npjse1ps,245958,NPJ Seattle 16 National,16's,Girls,WA
g16npjse2ps,245959,NPJ Seattle 16 Elite,16's,Girls,WA
g15npjse2ps,245961,NPJ Seattle 15 Elite,15's,Girls,WA
g15azevj2az,246234,AZ East Valley Juniors 15 Select,15's,Girls,AZ
g17w34ey2im,246837,Club Sand 17 Surf,17's,Girls,UT
b17clgsl3im,246839,Club GSL 17 Elite - Alan,17's,Boys,UT
g17dakwa1ps,247276,Dakine Warriors 17 Surf 1,17's,Girls,WA
g18nevba2im,248281,NEVA 16 BLUE-KALANI,16's,Girls,UT
g15cpavb1ev,249451,CPA 15 Drew,15's,Girls,WA
g16bgsky2ev,249751,Big Sky Volleyball 16-2,16's,Girls,WI
g14dakwa2ps,250082,Dakine Warriors 14 Surf 2,14's,Girls,WA
g13dakwa1ps,250083,Dakine Warriors 13 Surf 1,13's,Girls,WA
g13dakwa2ps,250084,Dakine Warriors 13 Surf 2,13's,Girls,WA
g15w34ey1im,250086,Club Sand 15 Nina,15's,Girls,UT
g16clubz1su,250122,Club Z 16-Shawn,16's,Girls,NM
g15clubz1su,250123,Club Z 15-Madi,15's,Girls,CO
g16wyoac1rm,250525,WYO-ACE 16U RED,16's,Girls,WY
g13clgsl2im,250868,Club GSL 13 Elect - Kilie,13's,Girls,UT
g17w38cw1im,250872,SUSA 17/18,17's,Girls,OR
g17aces1ah,250893,Aces Hawaii VBC,17's,Girls,HI
g15acesh1ah,250894,Aces Hawaii,15's,Girls,HI
g16tsrsn1nc,250979,Tstreet SN 16-Dana,16's,Girls,CA
g16tsrsn2nc,250980,Tstreet SN 16-Ally,16's,Girls,CA
g15tsrsn1nc,250981,Tstreet SN 15-DJ,15's,Girls,NV
g15tsrsn2nc,250982,Tstreet SN 15-Dylan,15's,Girls,CA
g15athbd1ce,251056,ATHENAVB Bend 15-1 Gold,15's,Girls,OR
g16athbd1ce,251057,ATHENAVB BEND 16-1 Gold,16's,Girls,OR
b14ajaxb1ce,251059,AJAXVB 14-1 Gold,14's,Boys,OR
g17clubv5im,251134,Club V 17 Red Austin,17's,Girls,UT
g16jdwvc1ca,251263,Dinos 16U,16's,Girls,AL
g15cloud1rm,251270,Cloud Peak 15 National,15's,Girls,WY
g15uplat2im,251701,Platinum 15 Power,15's,Girls,UT
w3ee5w,251823,MC 17-1,17's,Boys,MT
w3ee5w,251824,MC 16-1,16's,Boys,MT
g17mghty1ev,251898,Mighty Mo 17-1,17's,Girls,MT
g15plscv2sc,251982,Pipeline 15-Ultra Ari,15's,Girls,CA
g15plscv3sc,251983,Pipeline 15-Ultra Iman,15's,Girls,CA
g12cutah3im,252236,Club 801 U12R Dave,12's,Girls,UT
g17cutah2im,252237,Club 801 U17 Cheyenne,17's,Girls,UT
g12cojrs1rm,252358,CO JRS 12Mal,12's,Girls,CO
g16ramvb1im,252361,Club Rampage 16s Green,16's,Girls,UT
g17idone1im,252624,Idaho ONE 17 Elite,17's,Girls,ID
g17idone2im,252625,Idaho ONE 17 Blue,17's,Girls,ID
g17idone3im,252626,Idaho ONE 17 White,17's,Girls,ID
g16idone1im,252627,Idaho ONE 16 Elite,16's,Girls,ID
g16idone2im,252628,Idaho ONE 16 Blue,16's,Girls,ID
g16idone3im,252629,Idaho ONE 16 White,16's,Girls,ID
g16idone4im,252630,Idaho ONE 16 Navy,16's,Girls,ID
g16idone5im,252631,Idaho ONE 16 Gray,16's,Girls,ID
g15idone1im,252632,Idaho ONE 15 Elite,15's,Girls,ID
g15idone2im,252633,Idaho ONE 15 Blue,15's,Girls,ID
g15idone3im,252634,Idaho ONE 15 White,15's,Girls,ID
g14idone1im,252635,Idaho ONE 14 Elite,14's,Girls,ID
g14idone2im,252636,Idaho ONE 14 Blue,14's,Girls,ID
g13idone1im,252637,Idaho ONE 13 Elite,13's,Girls,ID
g12kaulu2ah,252871,Ka Ulukoa 12 Lee,12's,Girls,HI
g15kaulu2ah,252875,Ka Ulukoa 15 Taylor,15's,Girls,HI
g14kaulu2ah,252876,Ka Ulukoa 14 Anela,14's,Girls,HI
g16mghty1ev,253276,Mighty Mo 16-Hoerner,16's,Girls,MT
g16w34ey2im,253528,Club Sand 16 Junior,16's,Girls,UT
g15w34ey2im,253529,Club Sand 15 Angela,15's,Girls,UT
g15w34ey3im,253530,Club Sand 15 Alise,15's,Girls,UT
g14w34ey1im,253531,Club Sand 14 Bill,14's,Girls,UT
g14w34ey2im,253532,Club Sand 14 Jared,14's,Girls,UT
w3edcf,253533,Club Sand 14 Scoop,14's,Boys,UT
g13clubv2im,253706,Club V 13 Black Brynnly,13's,Girls,UT
g16uplat1im,253810,Platinum 16 Power,16's,Girls,UT
b12w34ey1im,254405,Club Sand 12 Andrew,13's,Boys,UT
g17elath2im,254414,Elevate Athletics 17-2,17's,Girls,UT
"	g14clubv7im",254431,Club V South 14 Nay,14's,Boys,UT
g12idone1im,254741,Idaho ONE 12 Elite,12's,Girls,ID
g15cutah2im,254852,Club 801 U15 Bre,15's,Girls,UT
g17kaulu2ah,254884,Ka Ulukoa 17 Joe,17's,Girls,HI
w3fwcw,254889,New Heights,17's,Boys,
g15jamme1ah,254891,Jammers 15-David,15's,Girls,HI
b18arvca1su,254971,ARVC 18 Boys Black Adidas,18's,Boys,NM
g14jamme1ah,255022,JAMMERS 14BLACK,14's,Girls,HI
ava 18 blue,255076,AVA 18 Blue,18's,Boys,AZ
g12clubv1im,255078,Club V 12 Black Krista,12's,Girls,UT
g11clubv1im,255080,Club V 11 Mondo,12's,Girls,UT
g13clubv3im,255081,Club V 13 Red Misty,13's,Girls,UT
g17clubv9im,255082,Club V 17 Lexi,17's,Girls,
g16808ac1ah,255179,808 Athletic Club 16 Matt,16's,Girls,HI
b16idone1im,255221,Idaho ONE 16 Elite BOYS,16's,Boys,ID
g16nevba1im,255406,NEVA 16 NATIONALS,16's,Girls,UT
g15nevba1im,255425,NEVA 15 NATIONALS,15's,Girls,UT
g16kvahi1ah,255440,Kako'o Volleyball Academy 16 Sammy,16's,Girls,HI
g16clubv8im,255455,Club V 16 Jaime,16's,Girls,UT
g13mnvbc1im,255466,Minoi 13 Black,13's,Girls,UT
g13mnvbc2im,255467,Minoi 13 Red,13's,Girls,UT
b18idsvc3im,255561,Idaho Strike 18 Middleton,18's,Boys,ID
g14swvbc1im,255562,SWVC 14 1,14's,Girls,WY
g17mtnpk1im,255606,MPV 17 National Green,17's,Girls,UT
g16blahi1no,255721,Black Hills Juniors 16 Black,16's,Girls,SD
b18slctd1sc,255724,The Selected,18's,Boys,NV
g16uplat2im,255753,Platinum 16 Apex,16's,Girls,UT
g16bgsky8ev,255778,Big sky 16 Eastside,16's,Girls,MT
g16mnvbc1im,255820,Minoi 16 Black,16's,Girls,UT
b18scbvb1im,255943,SCB 18 Salty Reed,18's,Boys,UT
b16scbvb1im,255991,SCB 16 Salty JJ,16's,Boys,UT
g12scvbc1im,255993,South County 12 Jonny,12's,Girls,UT
g13scvbc1im,255994,South County 13 Erica,13's,Girls,UT
b16scvbc1im,255995,South County 16 Napoleon,16's,Boys,UT
b18scvbc1im,255996,South County 18 Roberto,18's,Boys,UT
b17scbvb1im,255999,SCB 17 Salty Rob,17's,Boys,UT
b15scbvb1im,256000,SCB 15 Salty Kris,15's,Boys,UT
b14scbvb1im,256001,SCB 14 Salty Aaron,14's,Boys,UT
b17scbvb1im,256002,SCB 17 Salty Marcus,17's,Boys,UT
b15scbvb2im,256003,SCB 15 Salty Corrie,15's,Boys,UT
b18scbvb4im,256004,SCB 18N City T,18's,Boys,UT
b13scbvb2im,256005,SCB 13S City White,13's,Boys,UT
b16scbvb2im,256007,SCB 16S Bryan,16's,Boys,UT
g14aloha1ah,256055,Aloha State VBC 14,14's,Girls,HI
b14vorvb1im,256061,Vortex 14 - Ryan,14's,Boys,UT
g14hwnst1ah,256082,Hawaiian Style 14-Black,14's,Girls,HI
g16rnvtr1ev,256097,U16 1 Black Allen,16's,Girls,ID
g17tclub1aau34,256134,TC 17-1 Gold Kaipo,17's,Girls,UT
g15tclub1aau34,256135,TC 15 Gold Char,15's,Girls,UT
b18tclub1aau34,256137,TC 18 Gold Chelsea,18's,Boys,UT
g17435vb1im,256154,435 Elite VC 17u Pink,17's,Girls,UT
g16cityv2sc,256184,City 16 Blue,16's,Girls,CA
g15revol2az,256202,AZ REV 15 Elite,15's,Girls,AZ
w3f8a6,256246,Arsenal Volleyball,15's,Boys,CA
b17e3vbc1su,256319,E3 17 MIAH,17's,Boys,NM
g17uplat2im,256345,Platinum 17 Power,17's,Girls,UT
g16ccvbc4ev,256387,MT Capital City 16 Gold,16's,Girls,MT
b17vorvb1im,256392,Vortex - Nick,17's,Boys,UT
b18clgsl2im,256509,Club GSL 18 Elect- Whitney,18's,Boys,UT
16n ryan,256538,SCB 16N City Ryan,16's,Boys,UT
14 salty kyle,256540,SCB 14 Salty Kyle,14's,Boys,UT
b18hivev2im,256554,Hive 18 Black - Boys,18's,Boys,UT
b18hivev1im,256555,Hive 18 Gold - Boys,18's,Boys,UT
will's 18's,256558,SCB 18 Salty Will,18's,Boys,UT
