TeamName,Division,State,TeamCode,TeamID,Age Group,Team Team Code
208 U14 Elite,14's,ID,g14208vb1ev,239107,14U Entry Fee - GIRLS,g14208vb1ev
435 Elite VC 17u Pink,17's,UT,w3e3td,256154,17U Entry Fee - BOYS,W3E3TD
808 Athletic Club 16 Matt,16's,HI,g16808ac1ah,255179,16U Entry Fee - GIRLS,G16808AC1AH
AJAXVB 14-1 Gold,14's,OR,b14ajaxb1ce,251059,14U Entry Fee - BOYS,B14AJAXB1CE
AJAXVB Bend 16-1 Gold,16's,OR,b16ajben1ce,251058,16U Entry Fee - BOYS,B16AJBEN1CE
ARVC 18 Boys Black Adidas,18's,NM,b18arvca1su,254971,18U Entry Fee - BOYS,B18ARVCA1SU
ATHENAVB BEND 16-1 Gold,16's,OR,g16athbd1ce,251057,16U Entry Fee - GIRLS,G16ATHBD1CE
ATHENAVB Bend 15-1 Gold,15's,OR,g15athbd1ce,251056,15U Entry Fee - GIRLS,G15ATHBD1CE
AVA 18 Blue,18's,AZ,ava 18 blue,255076,18U Entry Fee - GIRLS,AVA 18 Blue
AZ East Valley Juniors 15 Select,15's,AZ,g15azevj2az,246234,15U Entry Fee - GIRLS,g15azevj2az
AZ REV 15 Elite,15's,AZ,g15revol2az,256202,15U Entry Fee - GIRLS,G15REVOL2AZ
Aces Hawaii,15's,HI,acesh,250894,15U Entry Fee - GIRLS,ACESH
Aces Hawaii VBC,17's,HI,acesh,250893,17U Entry Fee - GIRLS,ACESH
Aloha State VBC 14,14's,HI,g14aloha1ah,256055,14U Entry Fee - GIRLS,G14ALOHA1AH
Arsenal Volleyball,15's,CA,w3f8a6,256246,15U Entry Fee - GIRLS,W3F8A6
Athena 13-1 Gold,13's,OR,g13athen1ce,241220,13U Entry Fee - GIRLS,g13athen1ce
Athena 14-1 Gold,14's,OR,g14athen1ce,220968,14U Entry Fee - GIRLS,G14ATHEN1CE
Athena 14-2 Black,14's,OR,g14athen2ce,241221,14U Entry Fee - GIRLS,g14athen2ce
Athena VB 15-2 Black,15's,OR,g15athen2ce,241222,15U Entry Fee - GIRLS,g15athen2ce
Athena VB 16-1 Gold,16's,OR,g16athen1ce,180643,16U Entry Fee - GIRLS,G16ATHEN1CE
Athena VB 16-2 Black,16's,WA,g16athen2ce,241223,16U Entry Fee - GIRLS,g16athen2ce
Athena VB 17-1 Gold,17's,NE,g17athen1ce,180642,17U Entry Fee - GIRLS,G17ATHEN1CE
Athena VB 17-2 Black,17's,OR,g17athen2ce,241224,17U Entry Fee - GIRLS,g17athen2ce
Big Sky 15-1,15's,MT,g15bgsky1ev,239379,15U Entry Fee - GIRLS,g15bgsky1ev
Big Sky Volleyball 16-2,16's,WI,,249751,16U Entry Fee - GIRLS,
Big sky 16 Eastside,16's,MT,g16bgsky8ev,255778,16U Entry Fee - GIRLS,G16bgsky8ev
Black Hills Juniors 16 Black,16's,SD,g16blahi1no,255721,16U Entry Fee - GIRLS,G16BLAHI1NO
CO Crossfire 16-1,16's,CO,g16cross1rm,220913,16U Entry Fee - GIRLS,g16cross1rm
CO Crossfire 17-1,17's,CO,g17cross1rm,230383,17U Entry Fee - GIRLS,g17cross1rm
CO JRS 12Mal,12's,CO,g12cojrs1rm,252358,12U Entry Fee - GIRLS,G12COJRS1RM
CO JRS 13Emily,13's,CO,g13cojrs2rm,240328,13U Entry Fee - GIRLS,g13cojrs2rm
CO JRS 14Jen,14's,CO,g14cojrs2rm,240329,14U Entry Fee - GIRLS,g14cojrs2rm
CPA 15 Drew,15's,WA,g15cpavb1ev,249451,15U Entry Fee - GIRLS,G15CPAVB1EV
CSA 16 Navy,16's,CO,g16csalt1rm,240161,16U Entry Fee - GIRLS,g16csalt1rm
City 16 Blue,16's,CA,g16cityv2sc,256184,16U Entry Fee - GIRLS,G16Cityv2sc
Cloud Peak 15 National,15's,WY,g15cloud1rm,251270,15U Entry Fee - GIRLS,G15CLOUD1RM
Club 801 U12R Dave,12's,UT,g12cutah3im,252236,12U Entry Fee - GIRLS,G12CUTAH3IM
Club 801 U15 Bre,15's,UT,g15cutah2im,254852,15U Entry Fee - GIRLS,G15CUTAH2IM
Club 801 U17 Cheyenne,17's,UT,g17cutah2im,252237,17U Entry Fee - GIRLS,G17CUTAH2IM
Club GSL 13 Elect - Cache 2025,13's,UT,g13clgsl1im,241725,13U Entry Fee - GIRLS,G13CLGSL1IM
Club GSL 13 Elect - Kilie,13's,UT,g13clgsl2im,250868,13U Entry Fee - GIRLS,G13CLGSL2IM
Club GSL 14 Elect - Brynlie 2025,14's,UT,g14clgsl1im,222897,14U Entry Fee - GIRLS,G14CLGSL1IM
Club GSL 14 Elect - Les,14's,UT,b14clgsl1im,243580,14U Entry Fee - BOYS,B14CLGSL1IM
Club GSL 14 Elect - Rebecca,14's,UT,g14clgsl2im,241780,14U Entry Fee - GIRLS,G14CLGSL2IM
Club GSL 15 Elect - Karlee 2025,15's,UT,g15clgsl1im,241728,15U Entry Fee - GIRLS,G15CLGSL1IM
Club GSL 16 Elect - Kevin 2025,16's,UT,g16clgsl1im,237376,16U Entry Fee - GIRLS,G16CLGSL1IM
Club GSL 17 Elect - Taran 2025,17's,UT,g17clgsl1im,237365,17U Entry Fee - GIRLS,G17CLGSL1IM
Club GSL 17 Elite - Alan,17's,UT,b17clgsl3im,246839,17U Entry Fee - BOYS,B17CLGSL3IM
Club GSL 18 Elect- Whitney,18's,UT,b18clgsl2im,256509,18U Entry Fee - BOYS,B18CLGSL2IM
Club Rampage 16s Green,16's,UT,w3e479,252361,16U Entry Fee - GIRLS,W3E479
Club Sand 12 Andrew,13's,UT,b12clsvbo1im,254405,13U Entry Fee - BOYS,b12clsvbo1im
Club Sand 14 Bill,14's,UT,w3edcf,253531,14U Entry Fee - GIRLS,W3EDCF
Club Sand 14 Jared,14's,UT,w3edcf,253532,14U Entry Fee - GIRLS,W3EDCF
Club Sand 14 Scoop,14's,UT,w3edcf,253533,14U Entry Fee - GIRLS,W3EDCF
Club Sand 15 Alise,15's,UT,w3edcf,253530,15U Entry Fee - GIRLS,W3EDCF
Club Sand 15 Angela,15's,UT,w3edcf,253529,15U Entry Fee - GIRLS,W3EDCF
Club Sand 15 Nina,15's,UT,g15clsvb1im,250086,15U Entry Fee - GIRLS,G15CLSVB1IM
Club Sand 16 Junior,16's,UT,w3edcf,253528,16U Entry Fee - GIRLS,W3EDCF
Club Sand 17 Surf,17's,UT,g17clsvb2im,246837,17U Entry Fee - GIRLS,g17clsvb2im
Club V 11 Mondo,12's,UT,g11clubv1im,255080,12U Entry Fee - GIRLS,G11CLUBV1IM
Club V 12 Black Krista,12's,UT,g12clubv1im,255078,12U Entry Fee - GIRLS,G12CLUBV1IM
Club V 13 Black Brynnly,13's,UT,g13clubv2im,253706,13U Entry Fee - GIRLS,G13CLUBV2IM
Club V 13 Black Corrie,13's,UT,g13clubv1im,236529,13U Entry Fee - GIRLS,G13CLUBV1IM
Club V 13 Red Misty,13's,UT,g13clubv3im,255081,13U Entry Fee - GIRLS,G13CLUBV3IM
Club V 14 Red Christine,14's,,g14clubv3im,183459,14U Entry Fee - GIRLS,g14clubv3im
Club V 14 Red Jolana,14's,UT,g14clubv4im,236776,14U Entry Fee - GIRLS,G14CLUBV4IM
Club V 15 Red Hailey,15's,UT,g15clubv3im,236260,15U Entry Fee - GIRLS,G15CLUBV3IM
Club V 16 Jaime,16's,UT,g16clubv8im,255455,16U Entry Fee - GIRLS,G16CLUBV8IM
Club V 16 Red Ken,16's,UT,g16clubv3im,236262,16U Entry Fee - GIRLS,G16CLUBV3IM
Club V 16 Red Paul,16's,UT,g16clubv7im,226584,16U Entry Fee - GIRLS,G16clubv7im
Club V 16 Red Preston,16's,UT,g16clubv4im,226583,16U Entry Fee - GIRLS,G16clubv4im
Club V 17 Black Jenna,17's,UT,g17clubv2im,243464,17U Entry Fee - GIRLS,G17CLUBV2IM
Club V 17 Lexi,17's,,g17clubv9im,255082,17U Entry Fee - GIRLS,G17CLUBV9IM
Club V 17 Red Austin,17's,UT,g17clubv5im,251134,17U Entry Fee - GIRLS,G17CLUBV5IM
Club V 17 Red Austin,17's,UT,g17clubv5im,251134,17U Entry Fee - GIRLS,G17CLUBV5IM
Club V South 14 Nay,14's,UT,	g14clubv7im,254431,14U Entry Fee - GIRLS,G14CLUBV7IM
Club Z 15-Madi,15's,CO,,250123,15U Entry Fee - GIRLS,
Club Z 16-Shawn,16's,NM,,250122,16U Entry Fee - GIRLS,
Crossfire 18-1,18's,CO,g18cross1rm,241416,18U Entry Fee - GIRLS,g18cross1rm
DaKine Warriors 14 Surf One,14's,WA,g14dakwa1ps,240798,14U Entry Fee - GIRLS,g14DAKWA1PS
DaKine Warriors 15 Surf 1,15's,WA,g15dakwa1ps,240796,15U Entry Fee - GIRLS,g15DAKWA1PS
DaKine Warriors 15 Surf 2,15's,WA,g15dakwa2ps,240797,15U Entry Fee - GIRLS,g15DAKWA2PS
DaKine Warriors 16 Surf 1,16's,WA,g16dakwa1ps,240793,16U Entry Fee - GIRLS,g16DAKWA1PS
DaKine Warriors 16 Surf 2,16's,WA,g16dakwa2ps,240795,16U Entry Fee - GIRLS,g16DAKWA2PS
Dakine Warriors 13 Surf 1,13's,WA,,250083,13U Entry Fee - GIRLS,
Dakine Warriors 13 Surf 2,13's,WA,,250084,13U Entry Fee - GIRLS,
Dakine Warriors 14 Surf 2,14's,WA,,250082,14U Entry Fee - GIRLS,
Dakine Warriors 17 Surf 1,17's,WA,,247276,17U Entry Fee - GIRLS,
Dinos 16U,16's,AL,g16jdwvc1ca,251263,16U Entry Fee - GIRLS,G16JDWVC1CA
E3 17 MIAH,17's,NM,b17e3vbc1su,256319,17U Entry Fee - BOYS,B17E3VBC1SU
Elevate Athletics 15 Nike,15's,UT,g15elath1im,150872,15U Entry Fee - GIRLS,G15ELATH1IM
Elevate Athletics 16 Nike,16's,UT,g16elath1im,150871,16U Entry Fee - GIRLS,g16elath1im
Elevate Athletics 16-2 Nike,16's,UT,g16elath2im,217820,16U Entry Fee - GIRLS,g16elath2im
Elevate Athletics 17 Nike,17's,UT,g17elath1im,150870,17U Entry Fee - GIRLS,G17ELATH1IM
Elevate Athletics 17-2,17's,UT,elath,254414,17U Entry Fee - GIRLS,ELATH
Hawaiian Style 14-Black,14's,HI,g14hwnst1aau39,256082,14U Entry Fee - GIRLS,G14HWNST1AAU39
Hawaiian Style Volleyball Club,18's,HI,,128093,18U Entry Fee - GIRLS,
Hic 12 Lisi,12's,UT,g12hicvb1im,245955,12U Entry Fee - GIRLS,g12hicvb1im
Hic 14 Cinda,14's,UT,g14hicvb1im,245954,14U Entry Fee - GIRLS,g14hicvb1im
Hic 15 Cinda,15's,UT,g15hicvb1im,245952,15U Entry Fee - GIRLS,g15hicvb1im
Hic 16 Keano,16's,UT,g16hicvb1im,245951,16U Entry Fee - GIRLS,g16hicvb1im
Hic 16 Khiaura,16's,UT,g16hicvb2im,245953,16U Entry Fee - GIRLS,g16hicvb2im
ID Strike 16 Purple,16's,ID,b16idsvc2im,242522,16U Entry Fee - BOYS,b16idsvc2im
Idaho ONE 12 Elite,12's,ID,g12idone1im,254741,12U Entry Fee - GIRLS,G12IDONE1IM
Idaho ONE 13 Elite,13's,ID,g13idone1im,252637,13U Entry Fee - GIRLS,G13IDONE1IM
Idaho ONE 14 Blue,14's,ID,g14idone2im,252636,14U Entry Fee - GIRLS,G14IDONE2IM
Idaho ONE 14 Elite,14's,ID,g14idone1im,252635,14U Entry Fee - GIRLS,G14IDONE1IM
Idaho ONE 15 Blue,15's,ID,g15idone2im,252633,15U Entry Fee - GIRLS,G15IDONE2IM
Idaho ONE 15 Elite,15's,ID,g15idone1im,252632,15U Entry Fee - GIRLS,G15IDONE1IM
Idaho ONE 15 White,15's,ID,g15idone3im,252634,15U Entry Fee - GIRLS,G15IDONE3IM
Idaho ONE 16 Blue,16's,ID,g16idone2im,252628,16U Entry Fee - GIRLS,G16IDONE2IM
Idaho ONE 16 Elite,16's,ID,g16idone1im,252627,16U Entry Fee - GIRLS,G16IDONE1IM
Idaho ONE 16 Elite BOYS,16's,ID,b16idone1im,255221,16U Entry Fee - BOYS,B16IDONE1IM
Idaho ONE 16 Gray,16's,ID,g16idone5im,252631,16U Entry Fee - GIRLS,G16IDONE5IM
Idaho ONE 16 Navy,16's,ID,g16idone4im,252630,16U Entry Fee - GIRLS,G16IDONE4IM
Idaho ONE 16 White,16's,ID,g16idone3im,252629,16U Entry Fee - GIRLS,G16IDONE3IM
Idaho ONE 17 Blue,17's,ID,g17idone2im,252625,17U Entry Fee - GIRLS,G17IDONE2IM
Idaho ONE 17 Elite,17's,ID,g17idone1im,252624,17U Entry Fee - GIRLS,G17IDONE1IM
Idaho ONE 17 White,17's,ID,g17idone3im,252626,17U Entry Fee - GIRLS,G17IDONE3IM
Idaho Strike 18 Middleton,18's,ID,b18idsvc3im,255561,18U Entry Fee - BOYS,B18IDSVC3IM
JAMMERS 14BLACK,14's,HI,g14jamme1ah,255022,14U Entry Fee - GIRLS,G14JAMME1AH
Jammers 15-David,15's,HI,g15jamme1ah,254891,15U Entry Fee - GIRLS,G15JAMME1AH
Ka Ulukoa 12 Lee,12's,HI,g12kaulu2ah,252871,12U Entry Fee - GIRLS,G12KAULU2AH
Ka Ulukoa 14 Anela,14's,HI,g14kaulu2ah,252876,14U Entry Fee - GIRLS,G14KAULU2AH
Ka Ulukoa 15 Taylor,15's,HI,g15kaulu2ah,252875,15U Entry Fee - GIRLS,G15KAULU2AH
Ka Ulukoa 17 Joe,17's,HI,g17kaulu2ah,254884,17U Entry Fee - GIRLS,G17KAULU2AH
Kako'o Volleyball Academy 16 Sammy,16's,HI,kako'o volleyball academy 16 sammy,255440,16U Entry Fee - GIRLS,Kako'o Volleyball Academy 16 Sammy
MAUNALANI 17/18-ALBERT,17's,HI,,244834,17U Entry Fee - GIRLS,
MC 16-1,16's,MT,w3ee5w,251824,16U Entry Fee - GIRLS,W3EE5W
MC 17-1,17's,MT,w3ee5w,251823,17U Entry Fee - GIRLS,W3EE5W
MPV 14 National Green,14's,UT,g14mtnpk1im,231361,14U Entry Fee - GIRLS,g14mtnpk1im
MPV 15 National Green,15's,UT,g14mtnpk1im,231360,15U Entry Fee - GIRLS,g14mtnpk1im
MPV 16 National Green,16's,UT,g16mtnpk1im,231363,16U Entry Fee - GIRLS,g16mtnpk1im
MPV 17 National Green,17's,UT,mtnpk,255606,17U Entry Fee - GIRLS,MTNPK
MT Capital City 16 Gold,16's,MT,g16ccvbc4aau31,256387,16U Entry Fee - GIRLS,G16CCVBC4AAU31
MYSTIK 15-1,15's,CO,g15mystk1su,241116,15U Entry Fee - GIRLS,G15MYSTK1SU
Mighty Mo 16-Hoerner,16's,MT,g16mghty1ev,253276,16U Entry Fee - GIRLS,G16MGHTY1EV
Mighty Mo 17-1,17's,MT,g17mghty1ev,251898,17U Entry Fee - GIRLS,G17MGHTY1EV
Minoi 13 Black,13's,UT,mnvbc,255466,13U Entry Fee - GIRLS,MNVBC
Minoi 13 Red,13's,UT,mnvbc,255467,13U Entry Fee - GIRLS,MNVBC
Minoi 16 Black,16's,UT,mnvbc,255820,16U Entry Fee - GIRLS,MNVBC
NEVA 15 NATIONALS,15's,UT,w3b637,255425,15U Entry Fee - GIRLS,W3B637
NEVA 16 BLUE-KALANI,16's,UT,w3b637,248281,16U Entry Fee - GIRLS,W3B637
NEVA 16 NATIONALS,16's,UT,w3b637,255406,16U Entry Fee - GIRLS,W3B637
NEVA 18 NATIONALS,18's,UT,g18nevba1im,242096,18U Entry Fee - GIRLS,G18NEVBA1IM
NPJ 14 National Seattle,14's,WA,g14npjse1ps,215381,14U Entry Fee - GIRLS,g14npjse1ps
NPJ 17 National Seattle,17's,WA,g17npjse1ps,215161,17U Entry Fee - GIRLS,G17NPJSE1PS
NPJ Seattle 15 Elite,15's,WA,g15npjse2ps,245961,15U Entry Fee - GIRLS,g15npjse2ps
NPJ Seattle 15 National,15's,WA,g15npjse1ps,215160,15U Entry Fee - GIRLS,G15NPJSE1PS
NPJ Seattle 16 Elite,16's,WA,g16npjse2ps,245959,16U Entry Fee - GIRLS,g16npjse2ps
NPJ Seattle 16 National,16's,WA,g16npjse1ps,245958,16U Entry Fee - GIRLS,g16npjse1ps
NPJ Seattle 17 Elite,17's,WA,g17npjse2ps,245956,17U Entry Fee - GIRLS,g17npjse2ps
New Heights,17's,,w3fwcw,254889,17U Entry Fee - GIRLS,W3FWCW
North Shore Volleyball 14A Musie,14's,HI,g14nsvbc1ah,216440,14U Entry Fee - GIRLS,G14NSVBC1AH
North Shore Volleyball 18's Mona,18's,HI,g18north1ah,225705,18U Entry Fee - GIRLS,G18NORTH1AH
Pipeline 15-Ultra Ari,15's,CA,g15plscv2sc,251982,15U Entry Fee - GIRLS,G15PLSCV2SC
Pipeline 15-Ultra Iman,15's,CA,g15plscv3sc,251983,15U Entry Fee - GIRLS,G15PLSCV3SC
Platinum 15 Power,15's,UT,rs33ab45,251701,15U Entry Fee - GIRLS,RS33AB45
Platinum 16 Apex,16's,UT,rs33ab45,255753,16U Entry Fee - GIRLS,RS33AB45
Platinum 16 Power,16's,UT,rs33ab45,253810,16U Entry Fee - GIRLS,RS33AB45
Platinum 17 Power,17's,UT,rs33ab45,256345,17U Entry Fee - GIRLS,RS33AB45
RRHVB 16-1 Robyn,16's,UT,,224481,16U Entry Fee - GIRLS,
SCB 13S City White,13's,UT,13 city white,256005,13U Entry Fee - BOYS,13 City White
SCB 14 Salty Aaron,14's,UT,	b14112821im,256001,14U Entry Fee - BOYS,B14112821IM
SCB 15 Salty Corrie,15's,UT,b15112822im,256003,15U Entry Fee - BOYS,B15112822IM
SCB 15 Salty Kris,15's,UT,b15112821im,256000,15U Entry Fee - BOYS,B15112821IM
SCB 16 Salty JJ,16's,UT,	b16112821im,255991,16U Entry Fee - BOYS,B16112821IM
SCB 16S Bryan,16's,UT,16- bryan,256007,16U Entry Fee - BOYS,16- Bryan
SCB 17 Salty Marcus,17's,UT,	b17112822im,256002,17U Entry Fee - BOYS,B17112822IM
SCB 17 Salty Rob,17's,UT,b17112821im,255999,17U Entry Fee - BOYS,B17112821IM
SCB 18 Salty Reed,18's,UT,	b18112821im,255943,18U Entry Fee - BOYS,B18112821IM
SCB 18N City T,18's,UT,scb 18 mel,256004,18U Entry Fee - BOYS,SCB 18 Mel
SUSA 17/18,17's,OR,susa,250872,17U Entry Fee - GIRLS,SUSA
SWVC 14 1,14's,WY,g14swvbc1im,255562,14U Entry Fee - GIRLS,G14SWVBC1IM
South County 12 Jonny,12's,UT,g12scvbc1im,255993,12U Entry Fee - GIRLS,G12SCVBC1IM
South County 13 Erica,13's,UT,g13scvbc1im,255994,13U Entry Fee - GIRLS,G13SCVBC1IM
South County 15 Sarah,15's,UT,g15scvbc1im,223177,15U Entry Fee - GIRLS,G15SCVBC1IM
South County 16 Napoleon,16's,UT,b16scvbc1im,255995,16U Entry Fee - BOYS,B16SCVBC1IM
South County 16 Penina,16's,UT,g16scvbc1im,244682,16U Entry Fee - GIRLS,G16SCVBC1IM
South County 17 Bonnie/Erika,17's,UT,g17scvbc1im,236383,17U Entry Fee - GIRLS,G17SCVBC1IM
South County 17 Gio,17's,UT,b17scvbc1im,223176,17U Entry Fee - GIRLS,b17SCVBC1im
South County 18 Roberto,18's,UT,b18scvbc1im,255996,18U Entry Fee - BOYS,B18SCVBC1IM
Tstreet SN 15-DJ,15's,CA,g15tsrsn1nc,250981,15U Entry Fee - GIRLS,G15TSRSN1NC
Tstreet SN 15-Dylan,15's,CA,g15tsrsn2nc,250982,15U Entry Fee - GIRLS,G15TSRSN2NC
Tstreet SN 16-Ally,16's,CA,g16tsrsn2nc,250980,16U Entry Fee - GIRLS,G16TSRSN2NC
Tstreet SN 16-Dana,16's,CA,g16tsrsn1nc,250979,16U Entry Fee - GIRLS,G16TSRSN1NC
U16 1 Black Allen,16's,WA,g16rnvtr1ev,256097,16U Entry Fee - GIRLS,G16RNVTR1EV
Vortex - Desiree,16's,UT,b16vorvb1im,237053,16U Entry Fee - BOYS,b16vorvb1im
Vortex - Desiree,16's,UT,b16vorvb1im,237053,17U Entry Fee - BOYS,b16vorvb1im
Vortex - Nick,17's,UT,w3etye,256392,17U Entry Fee - BOYS,W3ETYE
Vortex 14 - Ryan,14's,UT,w3etye,256061,14U Entry Fee - BOYS,W3ETYE
Vortex VBC 16 - Art,16's,UT,g15vorvb1im,236866,16U Entry Fee - GIRLS,g15vorvb1im
WYO-ACE 16U RED,16's,WY,,250525,16U Entry Fee - GIRLS,
